arrangement_id,extracted,has_parameters,parameter_names,num_linear_factors,parse_warning,equation_preview
1,True,False,,8,,(x-y)xy(x+t)(y+t)(x-z)z(z+t)
2,True,True,"A0,A1",8,,xy(A0x+A1y)(x+z)z(y+t)t(x+y+z+t)
3,True,False,,8,,tx(x+t)y(y+t)z(z+t)(x+y-z)
4,True,True,"A0,A1",8,,tx(x+t)y(y+t)z(z+t)(A0x+A1y+(-A0-A1)z)
5,True,True,"A0,A1",8,,tx(x+t)y(y+t)z(z+t)(A0x+A1y-A1z)
6,True,True,"A0,A1,A2",8,,tx(x+t)y(y+t)z(z+t)(A0x+A1y+A2z)
7,True,True,"A0,A1,A2,A3",8,,xy(A0x+A1y)(A0x+A2z)zt(A0x+A3t)(x+y+z+t)
8,True,True,"A0,A1",8,,x(x-y)yz(A0x+A1z)(x+t)(y+t)(z+t)
9,True,True,"A0,A1,A2",8,,xy(A0x+A1y)z(A0x+A2z)(y+t)t(x+y+z+t)
10,True,True,"A0,A1",8,,xy(x+y)z(A0x+A1z)t(A0y+A1t)(x+y+z+t)
11,True,True,"A0,A1,A2",8,,xy(x+y)z(A0x+A1z)t(A0y+A2t)(x+y+z+t)
12,True,True,"A0,A1,A2,A3",8,,xy(A0x+A1y)(A0x+A2z)zt(A1y+A3t)(x+y+z+t)
13,True,True,"A0,A1",8,,x(A0x+A1t)(x+t)y(y+t)z(z+t)(y-z)
14,True,True,"A0,A1,A2",8,,xy(A0x+A1y)(x+z)zt(x+y+z+t)(A0x+A0y+A0z+A2t)
15,True,True,"A0,A1,A2,A3",8,,xy(A0x+A1y)z(A0x+A2z)(A0x+A0y+A0z+A3t)t(x+y+z+t)
16,True,True,"A0,A1",8,,(x-y)xy(x+t)(y+t)(A0x+A1y+(-A0-A1)z)z(z+t)
17,True,True,"A0,A1,A2",8,,xy(A0x+A1y)z(A0x+A2z)(x+t)(y+t)(z+t)
18,True,True,"A0,A1,A2,A3",8,,x(A0x+A1y)yz(A0x+A2z)(A0x+A3y+A3t)t(x+y+z+t)
19,True,False,,8,,(x-y)xy(x+t)(y+t)z(x+y-z)(z+t)
20,True,True,"A0,A1",8,,(x-y)xy(y+t)(x+t)(A0x+A1y-A1z)z(z+t)
21,True,True,"A0,A1",8,,xy(x+y)z(A0x+A1z)((-A0+A1)x+A1y+(-A0+A1)t)t(x+y+z+t)
22,True,True,"A0,A1,A2",8,,(A0x+A1y)xyz(A0x+A1y+A2z)(x+t)(y+t)(z+t)
23,True,True,"A0,A1,A2",8,,xy(A0x+A1y)(x+z)zt(A0x+A0y+A2t)(x+y+z+t)
24,True,True,"A0,A1,A2",8,,xy(A0x+A1y)z(x+z)(A0x+A2y+A0t)t(x+y+z+t)
25,True,True,"A0,A1,A2",8,,(x-y)xy(x+t)(y+t)z(A0x+A1y+A2z)(z+t)
26,True,True,"A0,A1,A2",8,,xy(A0x+A1y)z((-A0+A1)x+A1z)(A0x+A2y+A0t)t(x+y+z+t)
27,True,True,"A0,A1,A2,A3",8,,xy(A0x+A1y)((-A0+A2)x+A2z)zt(A0x+A2y+A3t)(x+y+z+t)
28,True,True,"A0,A1,A2,A3",8,,xy(A0x+A1y)((-A2+A3)x+A3z)z(A2x+A1y+A3t)t(x+y+z+t)
29,True,True,"A0,A1,A2,A3,A4",8,,xy(A0x+A1y)(A0x+A2z)zt(A0x+A3y+A4t)(x+y+z+t)
30,True,True,"A0,A1,A2",8,,(x-y)xy(x+t)(y+t)z(z+t)(A0x+A1z+A2t)
31,True,True,"A0,A1,A2,A3",8,,xy(A0x+A1y)(x+z)z(A0x+A2y+A0z+A3t)t(x+y+z+t)
32,True,False,,8,,(x-y)xy(y+t)(x+t)z(x-y-2z-t)(z+t)
33,True,True,"A0,A1",8,,(x-y)xy(y+t)(x+t)z(A0x-A0y+A1z-A0t)(z+t)
34,True,True,"A0,A1",8,,(x-y)xy(y+t)(x+t)z(A0x+A0y+A1z+A0t)(z+t)
35,True,True,"A0,A1",8,,(x-y)xy(y+t)(x+t)z(A0x+A1y+(-A0+A1)z+A1t)(z+t)
36,True,True,"A0,A1",8,,xy(A0x+A1y)z(x+z)t((A0-A1)y+(A0-A1)z+A0t)(x+y+z+t)
37,True,True,"A0,A1,A2",8,,xy(A0x+(A0+A1)y)z(x+z)t(A1y+A2z-A0t)(x+y+z+t)
38,True,True,"A0,A1,A2",8,,xy(A0x+A1y)z(x+z)t((A0-A1)y+A0z+A2t)(x+y+z+t)
39,True,True,"A0,A1,A2",8,,xy(A0x+A1y)z(x+z)t(A0y+A0z+A2t)(x+y+z+t)
40,True,True,"A0,A1,A2",8,,(x-y)xy(y+t)(x+t)z(A0x+A1y+A2z+A1t)(z+t)
41,True,True,"A0,A1,A2",8,,xy(A0x+A1y)(x+z)zt(x+y+z+t)(A0x+A1y+A1z+A2t)
42,True,True,"A0,A1,A2",8,,(x-y)xy(x+t)(y+t)z(z+t)(A0x-A0y+A1z+A2t)
43,True,True,"A0,A1,A2,A3",8,,xy(A0x+A1y)(x+z)zt(x+y+z+t)(A0x+A2y+A2z+A3t)
44,True,True,"A0,A1,A2,A3",8,,xy((A0-A2)x+(A1-A2)y)(x+z)zt(x+y+z+t)(A0x+A1y+A2z+A3t)
45,True,True,"A0,A1,A2,A3",8,,xy(x+y)(x+z)zt(x+y+z+t)(A0x+A1y+A2z+A3t)
46,True,True,"A0,A1,A2,A3",8,,xy(A0x+A1y)(x+z)zt(x+y+z+t)(A1y+A2z+A3t)
47,True,True,"A0,A1,A2,A3",8,,xy(A0x+A1y)(x+z)zt(x+y+z+t)(A0x+A1y+A2z+A3t)
48,True,True,"A0,A1,A2,A3,A4",8,,xy(A0x+A1y)(x+z)zt(x+y+z+t)(A0x+A2y+A3z+A4t)
49,True,True,"A0,A1,A2,A3,A4",8,,xy(A0x+A1y)z(A0x+A2z)(A0x+A3y+A0z+A4t)t(x+y+z+t)
50,True,True,"A0,A1,A2,A3,A4",8,,xy(A0x+A1y)z(A0x+A2z)(A0x+A3y+A3z+A4t)t(x+y+z+t)
51,True,True,"A0,A1,A2,A3,A4,A5",8,,xy(A0x+A1y)z(A0x+A2z)(A0x+A3y+A4z+A5t)t(x+y+z+t)
52,True,True,"A0,A1,A2",8,,(A0x+A1t)x(x+t)y(y+t)z(z+t)(A0y+A2z)
53,True,True,"A0,A1",8,,xy(x+y)(A0x+A1y+A1z)z(A0x+A1y+A1z+A0t)t(x+y+z+t)
54,True,True,"A0,A1,A2",8,,xy(A0x+A1y)(x+t)(y+t)z(A0x+A2z+A0t)(z+t)
55,True,True,"A0,A1,A2",8,,xy(A0x+A1y)z(A0x+A2y+A2z)(x+y+t)t(x+y+z+t)
56,True,True,"A0,A1,A2,A3",8,,xy(A0x+A1y)(A0x+A2y+A2z)z(A0x+A2y+A2z+A3t)t(x+y+z+t)
57,True,True,"A0,A1,A2,A3",8,,xy(A0x+A1y)(A0x+A2y+A2z)z(A0x+A0y+A0z+A3t)t(x+y+z+t)
58,True,True,"A0,A1,A2,A3",8,,xy(A0x+A1y)z(A0x+A0y+A2z)(A0x+A0y+A0z+A3t)t(x+y+z+t)
59,True,True,"A0,A1,A2,A3",8,,xy(A0x+A1y)(A0x+A3y+A2z)z((-A0+A2)x+(A2-A3)y+A2t)t(x+y+z+t)
60,True,True,"A0,A1,A2",8,,xy(A0x+A1y)z(A0x+A2y+A2z)t((A0-A2)z+A0t)(x+y+z+t)
61,True,True,"A0,A1,A2,A3",8,,xy(A0x+A1y)(x+y+z)zt(x+y+z+t)(A0x+A2z+A3t)
62,True,True,"A0,A1,A2,A3,A4",8,,xy(A0x+A1y)(x+y+z)zt(x+y+z+t)(A0x+A2y+A3z+A4t)
63,True,True,"A0,A1,A2,A3,A4",8,,xy(A0x+A1y)z(A0x+A2y+A3z)(A0x+A0y+A0z+A4t)t(x+y+z+t)
64,True,True,"A0,A1,A2",8,,xy(A0x+A1y)zt(A0z+A1t)(x+y+z+t)(A0x+A2y+A0z+A2t)
65,True,True,"A0,A1,A2,A3",8,,xy(A0x+A1y)zt(A0z+A2t)(x+y+z+t)(A0x+A3y+A0z+A3t)
66,True,True,"A0,A1,A2,A3,A4",8,,xy(A0x+A1y)z(A2z+A3t)t(x+y+z+t)(A0x+A4y+A2z+A4t)
67,True,True,"A0,A1,A2,A3,A4,A5",8,,xy(A0x+A1y)z(A2z+A3t)t(x+y+z+t)(A0x+A4y+A2z+A5t)
68,True,True,"A0,A1,A2,A3",8,,xy(A0x+A1y)(A0x+A0y+A2z)zt(A0x+A0y+A3t)(x+y+z+t)
69,True,False,,8,,xy(-2x+y)(y+t)(x+t)(x-y+z)z(z+t)
70,True,True,"A0,A1",8,,x(x+y-z)(A0x+A1y-A1z)yz(y+t)(z+t)(x+t)
71,True,True,"A0,A1",8,,xy(x+y)(A0x+A1y+A1z)zt((-A0+A1)x+A1y+A1t)(x+y+z+t)
72,True,True,"A0,A1",8,,xy(A0x+A1y)(y+t)(x+t)(x+y-z)z(z+t)
73,True,True,"A0,A1",8,,x(A0x+A1t)(x+t)y(y+t)z(z+t)(-A0x+A0y+A1z)
74,True,True,"A0,A1,A2",8,,xy(A0x+A1y)z(A0x+A2y+(-A0-A2)z)(x+t)(y+t)(z+t)
75,True,True,"A0,A1,A2",8,,xy(x+y)(A0x+A1y+A1z)zt((-A0+A1)x+A2y+A1t)(x+y+z+t)
76,True,True,"A0,A1,A2",8,,xy(A0x+A1y)(y+t)(x+t)(A0x+A2y-A2z)z(z+t)
77,True,True,"A0,A1,A2",8,,x(x+t)(A0x+A1t)y(y+t)z(z+t)(A0x+A2y+(-A0-A2)z)
78,True,True,"A0,A1,A2",8,,xy(A0x+A1y)z(A0x-A0y+A2z)(x+t)(y+t)(z+t)
79,True,True,"A0,A1,A2",8,,x(A0x+A1y-A1z)(A0x+A2y-A2z)yz(y+t)(z+t)(x+t)
80,True,True,"A0,A1,A2,A3",8,,xy(A0x+A1y)(A2x+A3y+2A3z)z(A2x+A3y+2A3t)t(x+y+z+t)
81,True,True,"A0,A1,A2,A3",8,,x(x+y)yz(A0x+A1y+A2z)(A0x+A3y+A3t)t(x+y+z+t)
82,True,True,"A0,A1,A2,A3",8,,x((A0-A2)x+(A1-A2)y)yz(A0x+A1y+A2z)(A0x+A3y+A3t)t(x+y+z+t)
83,True,True,"A0,A1,A2,A3",8,,x(A0x+A1y)yz(A0x+A2y+A2z)(A0x+A3y+A3t)t(x+y+z+t)
84,True,True,"A0,A1,A2,A3",8,,xy(A0x+A1y)((-A2+A3)x+(-A2+A3)y+A3z)z(A0x+A2y+A3t)t(x+y+z+t)
85,True,True,"A0,A1,A2,A3,A4",8,,xy(A0x+A1y)(A0x+A2y+A3z)z(A4x+(-A2+A3)y+A3t)t(x+y+z+t)
86,True,True,"A0,A1,A2,A3,A4",8,,xy(A1x+A0y)(A1x+A2y+A3z)zt(A1x+A2y+A4t)(x+y+z+t)
87,True,True,"A0,A1,A2,A3,A4",8,,xy(A0x+A1y)(A0x+A0y+A2z)zt(A0x+A3y+A4t)(x+y+z+t)
88,True,True,"A0,A1,A2,A3,A4,A5",8,,xy(A0x+A1y)(A0x+A2y+A3z)zt(A0x+A4y+A5t)(x+y+z+t)
89,True,True,"A0,A1,A2",8,,x(A0x+A1y)y(x+t)(y+t)z(A0x+A2z-A1t)(z+t)
90,True,True,"A0,A1,A2,A3",8,,x(x+y)y(A0x+A1y+A1z)zt(x+y+z+t)(A0x+A2y+A2z+A3t)
91,True,True,"A0,A1,A2,A3,A4",8,,xy(A0x+A1y)(A0x+A2y+A2z)z(A0x+A3y+A3z+A4t)t(x+y+z+t)
92,True,True,"A0,A1,A2,A3,A4",8,,xy(A0x+A1y)z(A0x+A0y+A2z)(A0x+A0y+A3z+A4t)t(x+y+z+t)
93,True,False,,8,,xy(x+y)(y+t)(x+t)z(x+y-z+t)(z+t)
94,True,True,"A0,A1",8,,xy(x+y)z(A0x+A1y+A0z)(A1x+(-A0+A1)z+A1t)t(x+y+z+t)
95,True,True,"A0,A1",8,,xy(A0x+A1y)(y+t)(x+t)z(A0x+A1y-A0z+A1t)(z+t)
96,True,True,"A0,A1",8,,xy(x+y)(A0x+A1z+A0t)(A1x+A0y+A1z+A0t)zt(x+y+z+t)
97,True,True,"A0,A1",8,,xy(x+y)(A0x+A1z+A0t)(A0y+A1z+A0t)zt(x+y+z+t)
98,True,True,"A0,A1",8,,xy(A0x+A1y)(y+t)(x+t)z(x+y-z+t)(z+t)
99,True,True,"A0,A1",8,,xy(A0x+A1y)(y+t)(x+t)z(A0x+A0y+A1z+A0t)(z+t)
100,True,True,"A0,A1",8,,x(A0x+A1y-A0z)(-A1x+A1y-A0z)yz(x+t)(y+t)(z+t)
101,True,True,"A0,A1,A2",8,,xy(A0x+A1y)(y+t)(x+t)z(A0x+A2y-A0z+A2t)(z+t)
102,True,True,"A0,A1,A2",8,,xy(A0x+A1y)(y+t)(x+t)z(A0x+A2y+A1z+A2t)(z+t)
103,True,True,"A0,A1,A2",8,,xy(A0x+A1y)z(A0x+A0y+A2z)((-A0+A1)x+A1z+(-A0+A1)t)t(x+y+z+t)
104,True,True,"A0,A1,A2",8,,xy(A0x+A1y)(y+t)(x+t)z(A0x+A1y+A2z+A1t)(z+t)
105,True,True,"A0,A1,A2",8,,xy(A0x+A1y)z(A0x+A2y+A2z)t((-A0+A2)x+(-A0+A2)z+A2t)(x+y+z+t)
106,True,True,"A0,A1,A2",8,,xy(A0x+A1y)z(A0x+A2y+A2z)t((-A0+A1)x+A1z+(-A0+A1)t)(x+y+z+t)
107,True,True,"A0,A1,A2",8,,xy(A0x+A1y)(y+t)(x+t)z(A0x+(A0+A2)y+A2z+(A0+A2)t)(z+t)
108,True,True,"A0,A1,A2",8,,x((-A0+A2)x+A2y)yz(A0x+A0y+A1z)(A0x+A1z+A2t)t(x+y+z+t)
109,True,True,"A0,A1,A2",8,,x(x+y)yz((A0+A1-A2)x+A0y+A0z)t(A1x+A2z+(-A0+A2)t)(x+y+z+t)
110,True,True,"A0,A1,A2",8,,x(A0x+A1y+A0z)(A1x+A1y+A0z)yz(A0x+A2y+A2t)t(x+y+z+t)
111,True,True,"A0,A1,A2",8,,xy((A0-A1)x+A1y)(y+t)(x+t)z(A0x+A1y+A2z+A1t)(z+t)
112,True,True,"A0,A1,A2",8,,x(x+y)y(A0x+A1y+A1z)zt(x+y+z+t)(A0x+A1y+A0z+A2t)
113,True,True,"A0,A1,A2",8,,xy((A1-A2)x-A2y)z(A0x+(A0+A1)y+A0z)t(A1x+A2z+(A0+A1)t)(x+y+z+t)
114,True,True,"A0,A1,A2",8,,xy(x+y)z(A0x+A1y+A2z)((A0-A1)x+(-A1+A2)z+(A0-A1)t)t(x+y+z+t)
115,True,True,"A0,A1,A2",8,,xy(A0x+A1y)(y+t)(x+t)z(A0x+A0y+A2z+A0t)(z+t)
116,True,True,"A0,A1,A2,A3",8,,xy(A0x+A1y)z(A0x+A0y+A2z)t(A0x+A0z+A3t)(x+y+z+t)
117,True,True,"A0,A1,A2,A3",8,,xy(A0x+A1y)(A2x+A1y+A2z)zt(A0x+A1y+A2z+A3t)(x+y+z+t)
118,True,True,"A0,A1,A2,A3",8,,xy(A0x+A1y)(x+t)(y+t)z(z+t)(A0x+A2y+A3z+(A0+A2)t)
119,True,True,"A0,A1,A2,A3",8,,xy(A0x+A1y)(A2x+(-A1+A2)y+A2z)zt((-A0+A2)x+(-A1+A2)y+A2z+A3t)(x+y+z+t)
120,True,True,"A0,A1,A2,A3",8,,xy(A0x+A1y)((-A2+2A3)x+2A3y+A3z)z(A2x+2A3y+A3z+2A3t)t(x+y+z+t)
121,True,True,"A0,A1,A2,A3",8,,xy(A2x+A0y)z(A2x+A2y+A1z)(A2x+A3z+A2t)t(x+y+z+t)
122,True,True,"A0,A1,A2,A3",8,,xy(A0x+A1y)(A0x+A2y+A2z)zt(x+y+z+t)((A0-A2)y+A3z+A0t)
123,True,True,"A0,A1,A2,A3",8,,xy(A0x+A1y)(A0x+A2y+A2z)zt(x+y+z+t)((A0-A1)y+A0z+A3t)
124,True,True,"A0,A1,A2,A3",8,,xy(A0x+A1y)(x+t)(y+t)z(z+t)(A0x+A1y+A2z+A3t)
125,True,True,"A0,A1,A2,A3",8,,xy(A0x+A1y)((-A0+A3)x+A3y+A3z)zt(x+y+z+t)(A0x+A2z+A3t)
126,True,True,"A0,A1,A2,A3",8,,xy(A0x+A1y)(A0x+A2y+A2z)zt(x+y+z+t)(A0x+A0z+A3t)
127,True,True,"A0,A1,A2,A3,A20,A22,A23",8,,xy(A0x+A1y)(A0A3x+(A0A1+A0A3-A1A2)y+A0A3z)zt(A20A3x+(A0A1A2+A0A2A3-A1A22)y+A0A2A3z+A0A23t)(x+y+z+t)
128,True,True,"A0,A1,A2,A3",8,,xy(A0x+A1y)(A3x+A2y+A3z)z(A0x+A2y+A3z+A2t)t(x+y+z+t)
129,True,True,"A0,A1,A2,A3",8,,xy(A0x+A1y)(A0x+A2y+A2z)zt(x+y+z+t)(A0x+A0y+A2z+A3t)
130,True,True,"A0,A1,A2,A3",8,,xy(A0x+A1y)(A2x+(A1+A3)y+A2z)zt((A0+A3)x+(A1+A3)y+A2z+A3t)(x+y+z+t)
131,True,True,"A0,A1,A2,A3,A4",8,,xy(A0x+A1y)(A0x+A2y+A2z)zt(x+y+z+t)(A0x+A2y+A3z+A4t)
132,True,True,"A0,A1,A2,A3,A4",8,,xy(A0x+A1y)z(A0x+A2y+A3z)(A0x+A2y+A2z+A4t)t(x+y+z+t)
133,True,True,"A0,A1,A2,A3,A4",8,,xy(A0x+A1y)(A0x+A2y+A2z)zt(x+y+z+t)(A0x+A3y+A0z+A4t)
134,True,True,"A0,A1,A2,A3,A4",8,,xy(A0x+A1y)(A0x+A2y+A3z)zt(A2y+A3z+A4t)(x+y+z+t)
135,True,True,"A0,A1,A2,A3,A4",8,,xy(A1x+A0y)(A1x+A2y+A1z)zt(A3x+A2y+A1z+A4t)(x+y+z+t)
136,True,True,"A0,A1,A2,A3,A4",8,,xy(A0x+A1y)(A0x+A2y+A2z)zt(x+y+z+t)(A0x+A3z+A4t)
137,True,True,"A0,A1,A2,A3,A4",8,,xy(A0x+A1y)(A2x+A1y+A1z)zt(x+y+z+t)(A1y+A3z+A4t)
138,True,True,"A0,A1,A2,A3,A4",8,,xy(A0x+A1y)(A0x+A2y+A2z)zt(x+y+z+t)(A0x+A0y+A3z+A4t)
139,True,True,"A0,A1,A2,A3,A4,A5",8,,xy(A0x+A1y)(A0x+A2y+A2z)zt(x+y+z+t)(A0x+A3y+A4z+A5t)
140,True,True,"A0,A1,A2,A3,A4,A5",8,,xy(A0x+A1y)z(A0x+A2y+A3z)(A0x+A0y+A4z+A5t)t(x+y+z+t)
141,True,True,"A0,A1,A2,A3,A4,A5",8,,xy(A0x+A1y)z(A0x+A2y+A3z)(A0x+A2y+A4z+A5t)t(x+y+z+t)
142,True,True,"A0,A1,A2,A3,A4,A5",8,,xy(A0x+A1y)z(A0x+A2y+A3z)(A0x+A4y+A4z+A5t)t(x+y+z+t)
143,True,True,"A0,A1,A2,A3,A4,A5,A6",8,,xy(A0x+A1y)z(A0x+A2y+A3z)(A0x+A4y+A5z+A6t)t(x+y+z+t)
144,True,True,"A0,A1",8,,xy(x+y)z(A0x+A1z+A0t)t(A0x+A0z+(2A0-A1)t)(x+y+z+t)
145,True,True,"A0,A1,A2",8,,(A0y+A1z+A2t)x(A2x+A0y+A1z+A2t)y(y+t)z(z+t)(x+t)
146,True,True,"A0,A1,A2,A3",8,,xy(x+y)z(A0x+A1z+A0t)t(A0x+A2z+A3t)(x+y+z+t)
147,True,True,"A0,A1,A2,A3",8,,(A0y+A1z+A2t)x(A3x+A0y+A1z+A2t)y(y+t)z(z+t)(x+t)
148,True,True,"A0,A1,A2,A3",8,,xy(A0x+A1y)z(A0x+A2z+A0t)t((-A0+A1)x+A1z+A3t)(x+y+z+t)
149,True,True,"A0,A1,A2,A3,A4",8,,xy(A0x+A1y)(A0x+A2z+A0t)zt(A0x+A3z+A4t)(x+y+z+t)
150,True,True,"A0,A1,A2,A3,A4,A5",8,,xy(A0x+A1y)z(A0x+A2z+A3t)(A0x+A4z+A5t)t(x+y+z+t)
151,True,True,"A0,A1,A2,A3,A4,A5",8,,xy(A0x+A1y)zt(A0x+A0y+A2z+A3t)(A0x+A0y+A4z+A5t)(x+y+z+t)
152,True,True,"A0,A1",8,,x(x+2y)yz(x+z+2t)t(x+y+z+t)(A0x+2A0y+A1z+2A0t)
153,True,True,"A0,A1",8,,x(x+y)yzt(A1x+A0z-A1t)(x+y+z+t)(A1y+(-A0+A1)z+A1t)
154,True,True,"A0,A1",8,,xy(x+y)zt(A0x+A0z+A1t)(A0y+A1z+A0t)(x+y+z+t)
155,True,True,"A0,A1,A20,A21",8,,xy(x+y)z(A0x+A0z+A1t)t(A20x+A0A1y+(A20-A0A1+A21)z+A0A1t)(x+y+z+t)
156,True,True,"A0,A1,A2",8,,xy(x+y)zt(A0x+A1z+A0t)(A2y+A1z+A2t)(x+y+z+t)
157,True,True,"A0,A1,A2",8,,xy(A0x+A1y)zt(-A0x-A0z+A1t)(A1y+A2z+A1t)(x+y+z+t)
158,True,True,"A0,A1,A2",8,,xy(x+y)z(A0x+A0z+A1t)t(A0x+A1y+A2z+A1t)(x+y+z+t)
159,True,True,"A0,A1,A2",8,,x(x+y)yzt(A0x+A1z+A2t)(x+y+z+t)(A0y+(A0-A1)z+A0t)
160,True,True,"A0,A1,A2",8,,x(A0x+(A0+A1)y)yz(A1x+A2z+(A0+A1)t)t(x+y+z+t)(A1y+(A1-A2)z+A1t)
161,True,True,"A0,A1,A2",8,,xy(A0x+A1y)zt(A0x+A2z+A0t)(A0y+(A0-A2)z+A0t)(x+y+z+t)
162,True,True,"A0,A1,A2",8,,xy(x+y)(A0A2x+A0A1y+A0A1z+A1A2t)(A2x+A0y+A1z+A2t)zt(x+y+z+t)
163,True,True,"A0,A1,A2",8,,xy((A0-A1)x+A0y)z(A1x+A0z+A1t)t(x+y+z+t)(A0y+A2z+A0t)
164,True,True,"A0,A1,A2",8,,xy(x+y)zt(A0x+A0z+A1t)(A0y+A2z+A0t)(x+y+z+t)
165,True,True,"A0,A1,A2,A3",8,,xy(A0x+A1y)z((-A0+A1)x+A1z+(-A0+A1)t)t(x+y+z+t)(A0x+A2y+A3z+A2t)
166,True,True,"A0,A1,A2,A3",8,,xy(x+y)zt(A0x+A1z+A2t)(A3y+A0z+A3t)(x+y+z+t)
167,True,True,"A0,A1,A2,A3",8,,xy((-A0+A1)x+A1y)(A0x+A1z+A0t)zt(x+y+z+t)(A0x+A0y+A2z+A3t)
168,True,True,"A0,A1,A2,A3",8,,xy((A1-A3)x+(A2-A3)y)zt(A1x+A1z+A0t)(x+y+z+t)(A1x+A2y+A3z+A2t)
169,True,True,"A0,A1,A2,A3",8,,xy(A0x+A1y)z(A0x+A2z+A0t)t(x+y+z+t)(A0x+A1y+A3z+A1t)
170,True,True,"A0,A1,A2,A3",8,,xy(A0x+A1y)zt(A0x+A0z+A2t)(A3y+A0z+A3t)(x+y+z+t)
171,True,True,"A0,A1,A2,A3",8,,xy(A0x+A1y)zt(A0x+A2z+A0t)(A3y+A0z+A3t)(x+y+z+t)
172,True,True,"A0,A1,A2,A3",8,,xy((A0-A1)x+A0y)zt(A1x+(A1-A2)z+A0t)(A1y+A2z+A3t)(x+y+z+t)
173,True,True,"A0,A1,A2,A3",8,,x(A0x+A1y+A2z+A0t)(A3x+A1y+A2z+A0t)(x+t)y(y+t)z(z+t)
174,True,True,"A0,A1,A2,A3",8,,xy(x+y)zt(A1x+A0z+(A1-A3)t)(A1y+A2z+A3t)(x+y+z+t)
175,True,True,"A0,A1,A2,A3",8,,xy(A0x+A1y)zt((-A0+A1)x+A1z+A2t)(A3y+A0z+A3t)(x+y+z+t)
176,True,True,"A0,A1,A2,A3",8,,xy((A1-A3)x+A2y)zt(A1x+A1z+A0t)(x+y+z+t)(A1x+A2y+A3z+A2t)
177,True,True,"A0,A1,A2,A3,A4",8,,xy(A1x+A2y)z(A1x+A0z+A4t)t(A1x+A2y+A3z+A4t)(x+y+z+t)
178,True,True,"A0,A1,A2,A3,A4",8,,xy(A0x+A1y)z(A0x+A2z+A3t)t(A0x+A3y+A4z+A3t)(x+y+z+t)
179,True,True,"A0,A1,A2,A3,A4",8,,xy(A0x+A1y)z((-A0+A1)x+A2z+A1t)t((-A0+A1)x+A3y+A4z+A1t)(x+y+z+t)
180,True,True,"A0,A1,A2,A3,A4",8,,xy(A0x+A1y)z(A1x+A2z+A4t)t(A1x+A1y+A3z+A4t)(x+y+z+t)
181,True,True,"A0,A1,A2,A3,A4",8,,xy(A0x+A1y)z(A0x+A0z+A2t)t(x+y+z+t)(A0x+A3y+A4z+A3t)
182,True,True,"A0,A1,A2,A3,A4",8,,xy(x+y)z(A0x+A1z+A2t)t(A0x+A3y+A4z+A2t)(x+y+z+t)
183,True,True,"A0,A1,A2,A3,A4",8,,xy(A0x+A1y)z((A0-A4)x+(A3-A4)z+A2t)t(x+y+z+t)(A0x+A4y+A3z+A4t)
184,True,True,"A0,A1,A2,A3,A4",8,,xy(A0x+A1y)z((-A0+A3)x+(A3-A4)z+A2t)t(x+y+z+t)(A0x+A3y+A4z+A0t)
185,True,True,"A0,A1,A2,A3,A4",8,,xy((A1-A3)x+(A2-A3)y)z(A1x+A0z+A4t)t(A1x+A2y+A3z+A4t)(x+y+z+t)
186,True,True,"A0,A1,A2,A3,A4,A5",8,,xy(A0x+A1y)z(A0x+A2z+A3t)t(A0x+A4y+A5z+A3t)(x+y+z+t)
187,True,True,"A0,A1,A2,A3,A4,A5",8,,xy(A0x+A1y)z(A0x+A2z+A3t)t(x+y+z+t)(A0x+A4y+A5z+A0t)
188,True,True,"A0,A1,A2,A3,A4,A5",8,,xy(A0x+A1y)z(A0x+A2z+A3t)t(x+y+z+t)(A0x+A4y+A5z+A4t)
189,True,True,"A0,A1,A2,A3,A4,A5",8,,xy(A0x+A1y)z(A0x+A2z+A3t)t(x+y+z+t)((-A0+A4)x+A4y+A5z+(-A3+A4)t)
190,True,True,"A0,A1,A2,A3,A4,A5,A6",8,,xy(A0x+A1y)z(A0x+A2z+A3t)t(x+y+z+t)(A0x+A4y+A5z+A6t)
191,True,True,"A0,A1,A2,A3,A4,A5,A6",8,,xy(A0x+A1y)zt(A0x+A2y+A3z+A4t)(A0x+A2y+A5z+A6t)(x+y+z+t)
192,True,True,"A0,A1,A2,A3,A4,A5,A6,A7",8,,xy(A0x+A1y)zt(A0x+A2y+A3z+A4t)(A0x+A5y+A6z+A7t)(x+y+z+t)
193,True,True,"A0,A1,A2",8,,(A0x+A1y+(-A0-A1)z)(A0x+A2y+(-A0-A2)z)xyz(x+t)(y+t)(z+t)
194,True,True,"A0,A1,A2,A3",8,,x(x+t)y(y+t)(A0x+A1y+A2t)z(z+t)(A0x+A3z+A2t)
195,True,True,"A0,A1,A2,A3,A4",8,,x(A0x+A1y+A1z)y(A0x+A2y+A0z)zt(x+y+z+t)(A0x+A3y+A3z+A4t)
196,True,True,"A0,A1,A2,A3,A4,A5",8,,x(A0x+A1y+A1z)yz(A0x+A2y+A3z)(A0x+A4y+A4z+A5t)t(x+y+z+t)
197,True,True,"A0,A1",8,,xy(x+t)(y+t)(A0x+A0y+A1t)z(x+y-z)(z+t)
198,True,True,"A0,A1",8,,x(x+2y+2z)yz(A0x+A1y+A0z)t(x+y+z+t)(x+2y+2t)
199,True,True,"A0,A1",8,,xyz(A0x+A1y-A1z)(A1x+A0y-A1z)(x+t)(y+t)(z+t)
200,True,True,"A0,A1",8,,x(A0x+A1z+A0t)(A1x+A0y+A1z+A0t)(A1y+A1z+A0t)yzt(x+y+z+t)
201,True,True,"A0,A1,A2",8,,xyz(A0x+A1y-A1z)(A0x+A2y+(-A0-A2)z)(x+t)(y+t)(z+t)
202,True,True,"A0,A1,A2",8,,xy(A0x+A1y+A0z)(A2x+(A0-A1)y+(A0-A1)z)z(A2x+(A0-A1)y+A0t)t(x+y+z+t)
203,True,True,"A0,A1,A2",8,,xy(x+t)(y+t)(A0x+A1y+A2t)z(x+y-z)(z+t)
204,True,True,"A0,A1,A2",8,,xy(A0x+A0y+A2z)(A0x+A1y+A1z)z(A2x+(-A0+A2)y+A2t)t(x+y+z+t)
205,True,True,"A0,A1,A2",8,,xyz(A0x+A1y-A1z)(A0x+A2y-A0z)(x+t)(y+t)(z+t)
206,True,True,"A0,A1,A2",8,,xy(A2x+A0y+A0z)(A1x+(A0+A1-A2)y+A1z)zt(A2x+A0y+(-A1+A2)t)(x+y+z+t)
207,True,True,"A0,A1,A2",8,,x(x+t)y(A0x+A1y+A2t)(y+t)z(z+t)(A1x-A1y+A2z)
208,True,True,"A0,A1,A2",8,,x(A0x+A1y+A2z)y(A2x+(-A0+A1+A2)y+A2z)z(A1x+A1y+A2z+A2t)t(x+y+z+t)
209,True,True,"A0,A1,A2",8,,x(A0x+A1y+A1z)y(A1x+(-A0+2A1)y+A1z)zt(x+y+z+t)(A0x+A0y+A2t)
210,True,True,"A0,A1,A2,A3",8,,xy((A1-A3)x+(A2-A3)y+(A2-A3)z)((-A1+A3)x+A0y+A3z)zt(A1x+A2y+A3t)(x+y+z+t)
211,True,True,"A0,A1,A2,A3",8,,xy(x+t)(A0x+A1y+A2t)(y+t)z(A3x+A1y-A2z)(z+t)
212,True,True,"A0,A1,A2,A3",8,,xy(y+t)(x+t)(A0x+A1y+A2t)(A0x+A3y-A3z)z(z+t)
213,True,True,"A0,A1,A2,A3",8,,xy(x+t)(y+t)(A0x+A1y+A2t)z(A0x+A1y+A3z)(z+t)
214,True,True,"A0,A1,A2,A3",8,,x(x+t)y(A0x+A1y+A2t)(y+t)z(z+t)((A0-A2)x+A1y+A3z)
215,True,True,"A0,A1,A2,A3",8,,xy(x+t)(y+t)(A0x+A1y+A2t)z(A0x+A3y+(-A0-A3)z)(z+t)
216,True,True,"A0,A1,A2,A3",8,,xy(A2x+A0y+A0z)((-A2+A3)x+A1y+A3z)zt(A2x+A2y+A3t)(x+y+z+t)
217,True,True,"A0,A1,A2,A3",8,,x(x+t)y(y+t)(A0x+A1y+A2t)z(z+t)(A0x-A0y+A3z)
218,True,True,"A0,A1,A2,A3",8,,xy(x+t)(y+t)(A0x+A1y+A2t)z(A3x+A1y+(A0-A2-A3)z)(z+t)
219,True,True,"A0,A1,A2,A3",8,,xyz(A0x+A1y+A2z)(A3x+(A0+A1-A3)y+A2z)(x+t)(y+t)(z+t)
220,True,True,"A0,A1,A2,A3",8,,xy(A0x+A1y+A1z)(A0x+A2y+A3z)zt((-A2+A3)x+(-A2+A3)y+A3t)(x+y+z+t)
221,True,True,"A0,A1,A2,A3",8,,xyz(A0x+A1y+(-A0-A1)z)(A0x+A2y+A3z)(x+t)(y+t)(z+t)
222,True,True,"A0,A1,A2,A3,A4",8,,xy(A0x+A1y+A2z)z(A0x+A3y+A4z)((-A1+A2)x+(-A1+A2)y+A2t)t(x+y+z+t)
223,True,True,"A0,A1,A2,A3,A4",8,,xy(A0x+A1y+A1z)(A0x+A2y+A0z)zt(A0x+A3y+A4t)(x+y+z+t)
224,True,True,"A0,A1,A2,A3,A4",8,,xy(A0x+A1y+A2z)z(A3x+(-A1+A2)y+A4z)(A3x+(-A1+A2)y+A2t)t(x+y+z+t)
225,True,True,"A0,A1,A2,A3,A4",8,,xy((A1-A3)x+(A2-A3)y+A0z)z(A1x+A2y+A3z)t((A1-A3)x+(A2-A3)y+A4t)(x+y+z+t)
226,True,True,"A0,A1,A2,A3,A4",8,,xy(A0x+A1y+A2z)z(A0x+A0y+A3z)(A4x+(-A1+A2)y+A2t)t(x+y+z+t)
227,True,True,"A0,A1,A2,A3,A4",8,,xy(A0x+A1y+A1z)(A0x+A2y+A3z)zt(A4x+(-A2+A3)y+A3t)(x+y+z+t)
228,True,True,"A0,A1,A2,A3,A4",8,,xy(A1x+A0y+A0z)(A1x+A2y+A3z)zt((-A1+A3)x+A4y+A3t)(x+y+z+t)
229,True,True,"A0,A1,A2,A3,A4",8,,xy(A0x+A1y+A1z)(A0x+A2y+A3z)zt((-A0+A1)x+A4y+A1t)(x+y+z+t)
230,True,True,"A0,A1,A2,A3,A4",8,,xy(A0x+A0y+A1z)z(A0x+A2y+A3z)t((A0-A3)x+(A2-A3)y+A4t)(x+y+z+t)
231,True,True,"A0,A1,A2,A3,A4,A5",8,,xy(A0x+A1y+A2z)z(A0x+A3y+A4z)t(A0x+A1y+A5t)(x+y+z+t)
232,True,True,"A0,A1,A2,A3,A4,A5",8,,xy(A0x+A0y+A1z)z(A0x+A2y+A3z)t(A0x+A4y+A5t)(x+y+z+t)
233,True,True,"A0,A1,A2,A3,A4,A5",8,,xy(A0x+A1y+A2z)z(A0x+A3y+A4z)(A5x+(-A1+A2)y+A2t)t(x+y+z+t)
234,True,True,"A0,A1,A2,A3,A4,A5",8,,xy(A0x+A1y+A2z)z(A0x+A3y+A4z)t((A0-A2)x+(A1-A2)y+A5t)(x+y+z+t)
235,True,True,"A0,A1,A2,A3,A4,A5,A6",8,,xy(A0x+A1y+A2z)z(A0x+A3y+A4z)t(A0x+A5y+A6t)(x+y+z+t)
236,True,True,"A0,A1,A2,A3,A4,A5,A6",8,,xyz(A0x+A1y+A2z)(A0x+A3y+A4z)(A0x+A5y+A5z+A6t)t(x+y+z+t)
237,True,True,"A0,A1,A2,A3,A4,A5,A6,A7",8,,xyz(A0x+A1y+A2z)(A0x+A3y+A4z)(A0x+A5y+A6z+A7t)t(x+y+z+t)
238,True,False,,8,,xyz(x-y-z)(x+t)(y+t)(z+t)(x-y-z-t)
239,True,False,,8,,xyz(x+y-z)(z+t)(x+y+z+t)(x+t)(y+t)
240,True,False,,8,,xyz(x-y-z)(x+t)(y+t)(z+t)(x-2y-2z-2t)
241,True,False,,8,,xyz(x-y-z)(x-y+t)t(x+y-z-t)(x+y+z+t)
242,True,True,"A0,A1",8,,xy(x+t)(y+t)(A0x-A0y+A1z)z(A0x-A0y+A1z+A1t)(z+t)
243,True,True,"A0,A1",8,,xyz(x-y-z)(x+t)(y+t)(z+t)(A0x+A1y+A1z+A1t)
244,True,True,"A0,A1",8,,xy(x+t)(y+t)(A0x+A1y+(-A0-A1)z)z(A0x+A1y+(-A0-A1)z+(-A0-A1)t)(z+t)
245,True,False,,8,,xyz(-2x-y+z)(z+t)(x+y+z+t)(x+t)(y+t)
246,True,True,"A0,A1",8,,xy(A0x+A1y+(-A0-A1)z)z(-A1x-A0y+(-A0-A1)z+(-A0-A1)t)(z+t)(y+t)(x+t)
247,True,True,"A0,A1",8,,xyz(A0x+A1y+A1z)(x+t)(y+t)(z+t)(-1x+y+z+t)
248,True,True,"A0,A1",8,,xyz(A0x+A1y-A1z)(z+t)(x+y+z+t)(x+t)(y+t)
249,True,True,"A0,A1",8,,x(x+2y+2z)yz(A0x+(2A0-A1)y+2A0t)(A0x+2A0y+A1z+2A0t)t(x+y+z+t)
250,True,True,"A0,A1",8,,xyz(-2A1x+A0y+A1z)(z+t)(x-y-z-t)(x+t)(y+t)
251,True,True,"A0,A1",8,,xyz(A0x+A1y+(-A0-A1)z)(y+t)(x+t)(-A1x+(-A0-A1)y+(-A0-A1)z+(-A0-A1)t)(z+t)
252,True,True,"A0,A1",8,,x(A0x+A1y+2A1z)yz(y+2z+2t)t(x+y+z+t)(x+z-t)
253,True,True,"A0,A1",8,,xy(x+t)(y+t)z(A0x+A1y+(-A0-A1)z)(z+t)((-A0-A1)x+A1y+(-A0-A1)z+(-A0-A1)t)
254,True,True,"A0,A1",8,,xyz(A1x+A0y+A0z)(A1x+A0y+A1t)t(A0x+A0y+A1z+A1t)(x+y+z+t)
255,True,True,"A0,A1",8,,x(A0x+A1y+A1z)yz(A0x+A1y+A0t)((A0+A1)x+(A0+A1)y+A0z+A0t)t(x+y+z+t)
256,True,True,"A0,A1",8,,xyz(A0x+A1y-A0z)(z+t)(A0x+A1y+A1z+A1t)(x+t)(y+t)
257,True,True,"A0,A1",8,,xy(A0x+A1y+A1z)z(A0x+A1y+(A0-A1)t)t(A0x+A0y+(A0-A1)z+(A0-A1)t)(x+y+z+t)
258,True,True,"A0,A1",8,,xyz(-2x+y+z)(x+t)(y+t)(z+t)(A0x+A1y+A1z+A1t)
259,True,True,"A0,A1",8,,xy(x+t)(y+t)z(A0x+A1y+(-A0-A1)z)(z+t)((-A0-2A1)x+A1y+(-A0-A1)z+(-A0-A1)t)
260,True,True,"A0,A1,A2,A22",8,,(A0A1x+A0A2y+A1A2z+A22t)xy(A1x+A2y+A1z+A2t)(A0x+A0y+A2z+A2t)zt(x+y+z+t)
261,True,True,"A0,A1",8,,xyz((-A0+2A1)x+A0y+A1z)(2x+z+2t)(A0x+A0y+A1z+2A1t)t(x+y+z+t)
262,True,True,"A0,A1",8,,x((A0-A1)x+A0y+A0z)yz(A1x+A1y+A0t)(A0y+(A0-A1)z+A0t)t(x+y+z+t)
263,True,True,"A0,A1,A2",8,,xyz(A0x+A2y+A0z)(A2x+A1y+A1t)t(x+y+z+t)(A2x+A2y+A0z+A1t)
264,True,True,"A0,A1",8,,x(A0x+A1y+2A1z)yz(y+2z+2t)t(x+y+z+t)(A0x+A1y+A0z+(-A0+2A1)t)
265,True,True,"A0,A1",8,,x(x+t)y(y+t)(A0x+A1y-A0z)(-A0x+A1y-A0z+(-A0+A1)t)z(z+t)
266,True,True,"A0,A1",8,,xyz(x-y+z)(A0x+A1y+A1t)t(x+y+z+t)(A0x+A1z+A1t)
267,True,True,"A0,A1,A20,A21",8,,xyz(A20x+(A0A1-A21)y+A0A1z)((A20-A0A1)x-A21y-A21t)t(x+y+z+t)(A0x+A0y+A1z+A1t)
268,True,True,"A0,A1",8,,x(A0x+A1y+A1z)yz((-A0+A1)x+(-A0+2A1)y+A1t)(A1y+(A0-A1)z+A1t)t(x+y+z+t)
269,True,True,"A0,A1,A2,A22",8,,x(A2x+A1y+A1z+A2t)(A0A1x+A1A2y+A0A1z+A0A2t)y(A1A2x+A1A2y+A0A1z+A22t)zt(x+y+z+t)
270,True,True,"A0,A1",8,,xy(A1x+A1y+2A0z)z(A0x+(2A0-A1)y+2A0t)t(x+y+z+t)(A0x+A1y+2A0z+2A0t)
271,True,True,"A0,A1,A2",8,,x(x+t)(A0x+A1y-A1z)(A0x+A2y-A2z+A0t)y(y+t)z(z+t)
272,True,True,"A0,A1,A2",8,,(A0x+A1y+(-A0-A1)z)(A0x+A1y+(-A0-A1)z+A2t)x(x+t)y(y+t)z(z+t)
273,True,True,"A0,A1",8,,xyz(A0x+A1y+(-A0+A1)z)(z+t)(x+y+z+t)(x+t)(y+t)
274,True,True,"A0,A1",8,,xyz(A0x+A1y-A0z)(z+t)((A0+A1)x-A0y-A0z-A0t)(x+t)(y+t)
275,True,True,"A0,A1,A20,A21",8,,xy(A1x+(-A0+A1)y+A1z)zt((-A20+A0A1)x+(-A20+A0A1)y+A21t)(A21x+(-A20+A0A1)y+A0A1z+A21t)(x+y+z+t)
276,True,True,"A0,A1",8,,xy(A1x+(A0+A1)y+(A0+A1)z)zt(A0x+A0y+A1t)(x+y+z+t)(A1x+A0y+(A0+A1)z+A1t)
277,True,True,"A0,A1,A2",8,,xy(x+t)(y+t)z(A0x+A1y+A2z)(z+t)((-A1+A2)x+A1y+A2z+A2t)
278,True,True,"A0,A1,A2",8,,xyz(A0x+A1y+(-A0-A1)z)(z+t)(A0x+A2y+(A0+A2)z+(A0+A2)t)(x+t)(y+t)
279,True,True,"A0,A1,A2",8,,xyz(A0x+A1y+A1z)(A0x+A1y+A0t)t(A2x+A1y+A0z+A0t)(x+y+z+t)
280,True,True,"A0,A1,A2",8,,xyz(A0x+A1y-A0z)(z+t)(A0x+A2y+A2z+A2t)(x+t)(y+t)
281,True,True,"A0,A1,A2",8,,xyz(A0x+A1y+A0z)t(A0x+A2y+A2t)((-A0+A2)x+A2z+A2t)(x+y+z+t)
282,True,True,"A0,A1,A2",8,,x(x+t)(x+y-z)(A0x+A1y-A1z+A2t)y(y+t)z(z+t)
283,True,True,"A0,A1,A2",8,,x((A0+A2)x+A0y+A0z)yzt(x+y+z+t)(A1x+A2y+A1t)((A0+A2)x+(A0+A2)y+A0z+A1t)
284,True,True,"A0,A1,A2",8,,xyz(A0x+A1y+A1z)(x+t)(y+t)(z+t)(A0x+A2y+A2z+A2t)
285,True,True,"A0,A1,A2",8,,xyz(A0x+A1y+A1z)(A2x+A1y+A2t)t(A0x+A1y+A2z+A2t)(x+y+z+t)
286,True,True,"A0,A1,A2",8,,x(A0x+A1z+2A1t)(2y+z+2t)yzt(x+y+z+t)(A0x+(-A0+2A2)y+A2z+A0t)
287,True,True,"A0,A1,A2,A3",8,,x(A0x+A1y+A1z+A2t)(A1x+A1z+A2t)yz(A1x+A1y+A3z+A2t)t(x+y+z+t)
288,True,True,"A0,A1,A2",8,,xyz(A2x+(-A1+A2)y+(-A1+A2)z)(A0x+A0y+A2t)t(A0y+A1z+A2t)(x+y+z+t)
289,True,True,"A0,A1,A2,A21,A22",8,,xyz(A0x+A0y+A2z)(A1x+A2y+A2t)t(x+y+z+t)(A21x+(2A1A2-A22)y+A1A2z+A1A2t)
290,True,True,"A0,A1,A2",8,,(A0x+A1y+A0z)xyzt(A2x+A1y+A0z+A2t)(x+y+z+t)((A0-A1)x+(A0-A1)y+A0t)
291,True,True,"A0,A1,A2",8,,xyz((A0-A2)x+(A1-A2)y+(A1-A2)z)(A2x+A1y+A2t)t(A0x+A1y+A2z+A2t)(x+y+z+t)
292,True,True,"A0,A1,A2",8,,xyz(A0x+A2y+A0z)(A1x+A0z+A1t)(A2x+A2y+A0z+A1t)t(x+y+z+t)
293,True,True,"A0,A1,A2",8,,x(A0x+A1y+A1z)yzt(x+y+z+t)(A0x+A2y+A0t)(A0y+(A0-A2)z+A0t)
294,True,True,"A0,A1,A2",8,,x(A0x+A1y+A1z)yz(A0x+A2y+A0t)((A0-A2)x+A0y+(A0-A2)z+A0t)t(x+y+z+t)
295,True,True,"A0,A1,A2",8,,xyz(A0x+A1y+A1z)(A0x+A2y+A0t)t(A2x+A2y+A0z+A0t)(x+y+z+t)
296,True,True,"A0,A1,A2",8,,xyz(A0x+A1y+A1z)(A0x+A2y+A2t)t(x+y+z+t)(A0x+A0y+A1z+A2t)
297,True,True,"A0,A1,A2",8,,xy(A0x+A1y+A1z)z(A0x+A0y+A2t)t(A0x+(A0+A2)y+A2z+A2t)(x+y+z+t)
298,True,True,"A0,A1,A2",8,,xyz(A0x+A1y+A0z)(A0x+A1y+A2t)t(A1x+A1y+A2z+A2t)(x+y+z+t)
299,True,True,"A0,A1,A2",8,,xyz(A0x+A0y+A1z)t(A0x+A2y+A0t)((-A0+A2)x+A2z+A2t)(x+y+z+t)
300,True,True,"A0,A1,A2",8,,x(A0x+A1y+A1z)yz((A0+A2)x+(A0+A2)y+A2t)((A0+A2)x+(A0+A1+2A2)y+(A1+A2)z+A2t)t(x+y+z+t)
301,True,True,"A0,A1,A2",8,,x(A2x+(-A1+A2)y+(-A1+A2)z)yzt(x+y+z+t)((A0-A1)x+(A0-A1)y+A2t)(A0y+A1z+A2t)
302,True,True,"A0,A1,A2",8,,xyz((A0-A2)x+(A1-A2)y+(A1-A2)z)(A2x+A0y+A2t)t(A0x+A0y+A1z+A2t)(x+y+z+t)
303,True,True,"A0,A1,A2",8,,xy(A0x+A1y+A1z)zt(A0x+A0y+A2t)(x+y+z+t)((A0+A2)y+A2z+A2t)
304,True,True,"A0,A1,A2",8,,xy(A1x+(-A0+A1)y+A1z)z(A0x+A0y+A1t)t(x+y+z+t)(A2x+A0z+A2t)
305,True,True,"A0,A1,A2",8,,xyz(x-y+z)(A0x+A1y+A1t)t(x+y+z+t)(A0x+A2z+A2t)
306,True,True,"A0,A1,A2",8,,x(A0x+A0y+(A0+A1)z)yz(A1x+A2y+(A0+A1)t)(-A0x+A2z-A0t)t(x+y+z+t)
307,True,True,"A0,A1,A2",8,,x(x+t)y(y+t)z(z+t)(A0x-A0y+A1z)(A2x-A0y+A1z+A1t)
308,True,True,"A0,A1,A2",8,,xy(A1x+A0y+A1z)z(-A0x-A0y+A2t)t(A2x+A1z+A2t)(x+y+z+t)
309,True,True,"A0,A1,A2",8,,xyz(A0x+A1y+A2z)(z+t)(x+y+z+t)(x+t)(y+t)
310,True,True,"A0,A1,A2",8,,xyz(A0x+A1y+A0z)t(A0x+A2y+A2t)((A0+A2)x+A2z+A2t)(x+y+z+t)
311,True,True,"A0,A1,A2",8,,xyz((A0-A2)x+(A1-A2)y+(A0-A2)z)(A0x+A1y+A2t)t(A1x+A1y+A2z+A2t)(x+y+z+t)
312,True,True,"A0,A1,A2",8,,xy(y+t)(x+t)(A0x+A1y-A1z)z(z+t)(A2x+A0y+A1z+(A0+A2)t)
313,True,True,"A0,A1,A2",8,,x(A0x+A1y+A1z)((-A0+A1)x+A1y+A1t)(A1y+A2z+(A1-A2)t)yzt(x+y+z+t)
314,True,True,"A0,A1,A2",8,,xy(y+t)(x+t)(A0x+A1y-A1z)z(z+t)(A0x+A2y+A2z+(A0+A2)t)
315,True,True,"A0,A1,A2",8,,xyz(A0x+A1y+(-A0-A1)z)(y+t)(x+t)(A0x+A2y+A2z+A2t)(z+t)
316,True,True,"A0,A1,A2",8,,xyz(A1x+A1y+(A1-A2)z)t(A0x+A1y+A2t)((-A0+A1)x+(A1-A2)z+(A1-A2)t)(x+y+z+t)
317,True,True,"A1,A2,A20,A21,A22",8,,xy(A20x+A1A2y+(A21+A1A2)z)z(A20x+A1A2y+(A1A2+A22)t)t(x+y+z+t)(A20x+A20y+A1A2z+A1A2t)
318,True,True,"A0,A1,A2",8,,xy(y+t)(x+t)(x+y-z)z(z+t)(A0x+A1y+A2z+(A0+A1+2A2)t)
319,True,True,"A0,A1,A2",8,,xyz(A0x+A1y+A0z)(A0x+A2y+A2t)t(x+y+z+t)(A0x+A2z+A2t)
320,True,True,"A0,A1,A2",8,,xy(A2y+A0z+A1t)(A0x+A1y+A0z+A1t)(A2x+A2y+A0z)zt(x+y+z+t)
321,True,True,"A0,A1,A2",8,,xyz(A0x+A1y-A1z)(z+t)(A0x+A2y+A2z+A2t)(x+t)(y+t)
322,True,True,"A0,A1,A2",8,,xyz(A0x+A1y+A2z)(A0x+A1y+A1t)t(x+y+z+t)(A1x+A1y+A2z+A2t)
323,True,True,"A0,A1,A2",8,,xyz((A0-A1)x+A0y+A0z)(A1x+A1y+A0t)t(A1y+A2z+A0t)(x+y+z+t)
324,True,True,"A0,A1,A2,A22",8,,xy(A0A2x+A0A1z+(A0A1+A1A2)t)((A0A1+A1A2)x+(A0A1+A1A2-A22)y+A0A1z+(A0A1+A1A2)t)z(A2x+A2y+A1z)t(x+y+z+t)
325,True,True,"A0,A1,A2,A21,A22",8,,xyz(A0x+(A1+A2)y+A0z)((A21+A1A2)x+A0A2z+A1A2t)((A1A2+A22)y+A0A2z+A1A2t)t(x+y+z+t)
326,True,True,"A0,A1,A2",8,,xy(A2x+A0y+A0z)z((A0-A1)x+A1y+(A0-A1)t)t(A2x+A0y+(A0-A1)z+(A0-A1)t)(x+y+z+t)
327,True,True,"A0,A1,A2",8,,xyz((-A0+A2)x+(-A0+A2)y+A2z)t(A0x+A1y+A2t)((A0-A1)x+A2z+A2t)(x+y+z+t)
328,True,True,"A0,A1,A2",8,,xy(A1x+A2y+A2z)zt(A2x+A0y+A2t)(x+y+z+t)(A1x+A0y+A2z+A2t)
329,True,True,"A0,A1,A2,A3",8,,xyz(A0x-A0y+A1z)(z+t)(A0x+A2y+A3z+A3t)(x+t)(y+t)
330,True,True,"A0,A1,A2,A3",8,,xyz(A0x+A0y+A1z)t(A0x+A2y+A0t)(A0x+A3z+A3t)(x+y+z+t)
331,True,True,"A0,A1,A2,A3",8,,xyz(A2x+A0y+A1z)(z+t)(A2x+A3y+(A2+A3)z+(A2+A3)t)(x+t)(y+t)
332,True,True,"A0,A1,A2,A3",8,,xy(A3x+A0y+A0z)zt(A1x+A2y+A3t)(x+y+z+t)(A3x+A2y+A0z+A3t)
333,True,True,"A0,A1,A2,A3",8,,xyz(A0x+A1y+A2z)(A0x+A1y+A1t)t(x+y+z+t)(A0x+A0y+A3z+A3t)
334,True,True,"A0,A1,A2,A3",8,,x(x+t)((-A0-A1)x+A0y+A1z)(A2x+A0y+A1z+A3t)y(y+t)z(z+t)
335,True,True,"A0,A1,A2,A3",8,,xyz(A0x+A1y+A1z)(A0x+A0y+A2t)t(A0y+A3z+A2t)(x+y+z+t)
336,True,True,"A0,A1,A2,A3",8,,xyz(A0x+A1y+A2z)(z+t)(A0x+A1y+A3z+A3t)(x+t)(y+t)
337,True,True,"A0,A1,A2,A3",8,,x(x+t)y(y+t)z(z+t)(A0x+A1y+A2z)(A3x+A1y+A2z+(A1+A2+A3)t)
338,True,True,"A0,A1,A2,A3",8,,xy(A0x+A1y+A0z)z((A0-A1)x+(A0-A1)y+A0t)t(x+y+z+t)(A0x+A2z+A3t)
339,True,True,"A0,A1,A2,A3",8,,xyz((-A1+A2)x+(-A1+A2)y+A2z)t(A0x+A1y+A2t)(A0x+A3z+A3t)(x+y+z+t)
340,True,True,"A0,A1,A2,A3",8,,xyz(A0x+A1y+A1z)(A0x+A2y+A0t)t(A2x+A2y+A3z+A0t)(x+y+z+t)
341,True,True,"A0,A1,A2,A3",8,,xyz(A0x+A1y+A2z)t((-A0+A3)x+A3y+A3t)(A0x+A3z+A3t)(x+y+z+t)
342,True,True,"A0,A1,A2,A3",8,,xyz(A0x+A1y+A2z)t((-A1+A2)x+(-A1+A2)y+A2t)(A0x+A3z+A0t)(x+y+z+t)
343,True,True,"A0,A1,A2,A3",8,,xyz(A0x+A1y+A2z)((A0-A2)x+(A1-A2)y+(A1-A2)t)t(x+y+z+t)(A3x+A1y+A2z+A3t)
344,True,True,"A0,A1,A2,A3",8,,xyz(A0x+A1y+A1z)(A0x+A2y+A2t)t(x+y+z+t)(A3y+(A0-A1)z+A0t)
345,True,True,"A0,A1,A2,A3",8,,xyz(A0x+A0y+A1z)t((A0-A1+A2)x+(A0-A1)y-A1t)(A2x+(-A0+A1)z+A3t)(x+y+z+t)
346,True,True,"A0,A1,A2,A3",8,,x(x+t)y(y+t)z(z+t)(A0x+A1y+A2z)(A3x+A1y+A2z+(A2+A3)t)
347,True,True,"A0,A1,A2,A3",8,,xyz(A0x+A1y+A0z)(A2x+A0z+A2t)(A3x+A1y+A0z+A2t)t(x+y+z+t)
348,True,True,"A0,A1,A2,A3",8,,xyz(A0x+A1y+A1z)(A0x+A2y+A2t)t(x+y+z+t)(A0x+A3y+A1z+A2t)
349,True,True,"A0,A1,A2,A3",8,,xy(A1x+A0y+A0z)zt(A0x+A0y+A3t)(x+y+z+t)(A1x+A0y+A2z+A3t)
350,True,True,"A0,A1,A2,A3",8,,xyz(A0x+A0y+A1z)t(A0x+A2y+A3t)((A0-A2)x+A3z+A3t)(x+y+z+t)
351,True,True,"A0,A1,A2,A3",8,,xyz(A0x+A1y+A1z)(A2x+A3y+A0t)t(A3y+(A0-A1)z+A0t)(x+y+z+t)
352,True,True,"A0,A1,A2,A3",8,,xyz(A0x+A1y+A2z)t((-A1+A2-A3)x+(-A1+A2)y+A2t)(A3x+(-A1+A2)z+A3t)(x+y+z+t)
353,True,True,"A0,A1,A2,A3",8,,xyz((A1-A3)x+A2y+A0z)(z+t)(A1x+A2y+A3z+A3t)(x+t)(y+t)
354,True,True,"A0,A1,A2,A3",8,,xyz(A0x+A3y+A0z)(A2x+A1y+A1t)t(x+y+z+t)(A2x+A3y+A0z+A1t)
355,True,True,"A0,A1,A2,A3",8,,xyz(A0x+A1y+A0z)t(A0x+A2y+A2t)(A0x+A3z+A3t)(x+y+z+t)
356,True,True,"A0,A1,A2,A3",8,,xy(x+t)(y+t)z(A0x+A1y+A2z)(z+t)(A3x+A1y+A2z+A2t)
357,True,True,"A0,A1,A2,A3",8,,xyz(A0x+A0y+A1z)t((-A0+A1)x+A2y+A1t)(A0x+A3z+A3t)(x+y+z+t)
358,True,True,"A0,A1,A2,A3",8,,xyz(A0x+A0y+A1z)t(A0x+A2y+A3t)((A0-A2)x+(-A2+A3)z+(-A2+A3)t)(x+y+z+t)
359,True,True,"A0,A1,A2,A3",8,,xy(A0x+A1y+A1z)zt((A2-A3)x+(A2-A3)y+A3t)(x+y+z+t)(A0x+A2y+A3z+A3t)
360,True,True,"A0,A1,A2,A3",8,,xyz(A0x+A1y+A2z)(z+t)(A0x+A3y+A3z+A3t)(x+t)(y+t)
361,True,True,"A0,A1,A2,A3",8,,xyz(A0x+A1y+A2z)((A0-A2)x+(A1-A2)y+(A1-A2)t)t(x+y+z+t)(A1y+A3z+A3t)
362,True,True,"A0,A1,A2,A3",8,,xy(y+t)(x+t)(A0x+A1y-A1z)z(z+t)(A0x+A2y+A3z+(A0+A3)t)
363,True,True,"A0,A1,A2,A3",8,,xy((-A2+A3)x+A0y+A0z)zt(A1x+A2y+A3t)(x+y+z+t)(A2x+A2y+(-A0+A3)z+A3t)
364,True,True,"A0,A1,A2,A3",8,,xyz(A0x+(A2-A3)y+A3z)(z+t)(A1x+A2y+A3z+A3t)(x+t)(y+t)
365,True,True,"A0,A1,A2,A3",8,,x(A0x+A1y+A1z)yz(A3x+(A0-A2)y+A3t)(A0x+A0y+A2z+A3t)t(x+y+z+t)
366,True,True,"A0,A1,A2,A3",8,,x(x+t)y(y+t)z(z+t)(A0x+A1y+(-A1-A2)z)(A0A3x+A0A1y+(-A0A1-A0A2)z+(-A0A2+A2A3)t)
367,True,True,"A0,A1,A2,A3",8,,xy(A0x+A1y+A1z)zt((-A0+A1)x+A1y+A1t)(x+y+z+t)(A1y+A2z+A3t)
368,True,True,"A0,A1,A2,A3",8,,xy(A0x+A1y+A1z)zt((-A0+A1)x+A2y+A1t)(x+y+z+t)(A2x+A2y+A3z+A1t)
369,True,True,"A0,A1,A2,A3",8,,xy(A0x+A1y+A1z)zt(A2x+A3y+A3t)(x+y+z+t)((A0+A2)x+(A0+A2)y+A1z+A3t)
370,True,True,"A0,A1,A2,A3",8,,xyz(A0x+A1y+A0z)t(A2x-A1y+A2t)(A3x+A0z+A2t)(x+y+z+t)
371,True,True,"A0,A1,A2,A3",8,,xyz(A0x+A1y+A2z)t(A3x+(-A1+A2)y+A2t)(A3x+A3z+A2t)(x+y+z+t)
372,True,True,"A0,A1,A2,A3",8,,x(A0x+A2y+A3z)yzt(A1x+A2y+A3z+A2t)((A1-A3)x+(A2-A3)y+(A1-A3)t)(x+y+z+t)
373,True,True,"A0,A1,A2,A3",8,,xyz(A0x+A1y+A1z)(2A2x+A2y+A3t)t(A2y+2A2z+A3t)(x+y+z+t)
374,True,True,"A0,A1,A2,A3,A21",8,,x(A0A2x+A1A3y+A0A2z+A21t)(A0A3x+A0A3y+A0A2z+A21t)y(A1x+A3y+A2z+A1t)zt(x+y+z+t)
375,True,True,"A0,A1,A2,A3",8,,xyz(A0x+A1y+(A0-A2+A3)z)(A2x+A3y+A3t)t(x+y+z+t)(A2x+(-A0+A1+A2)y+A3z+A3t)
376,True,True,"A0,A1,A2,A3",8,,xy(y+t)(x+t)(x+y-z)z(z+t)(A0x+A1y+A2z+A3t)
377,True,True,"A0,A1,A2,A3",8,,xyz(A0x+A1y+A1z)t(A0x+A2y+A2t)(A0x+A3z+A3t)(x+y+z+t)
378,True,True,"A0,A1,A2,A3",8,,x(x+t)y(y+t)z(z+t)(A0x+A2y+A3z)(A1x+A2y+A3z+(A2+A3)t)
379,True,True,"A0,A1,A2,A3",8,,x(A0x+A2y+A3z)yzt(A1x+A2y+A3z+A2t)((A1-A3)x+(A1-A3)y+(A2-A3)t)(x+y+z+t)
380,True,True,"A0,A1,A2,A3",8,,xyz(A0x+A0y+A1z)t(A2x+A3y+A1t)(x+y+z+t)(A2x+A3y+(-A0+A1)z+(-A0+A1)t)
381,True,True,"A0,A1,A2,A3",8,,xyz(A0x+A1y+A0z)t(A2x+(A0-A1)y+A0t)(A2x+A3z+A0t)(x+y+z+t)
382,True,True,"A0,A1,A2,A3",8,,(A0A1x+A0A2y+A1A2z+A2A3t)(A1x+A2y+A1z+A3t)xyzt(A3x+A0y+A0z+A3t)(x+y+z+t)
383,True,True,"A0,A1,A2,A3",8,,xyz(A0x+A1y+A2z)t(A0x+A1y-A2t)(A0x+A0y+A3z+A3t)(x+y+z+t)
384,True,True,"A0,A1,A2,A3,A4",8,,x(x+t)(A0x+A1y+A2z+A3t)(A0x+A1y+A2z+A4t)y(y+t)z(z+t)
385,True,True,"A0,A1,A2,A3,A20",8,,(A1A2x+A20y+A1A3z+A0A3t)x(A1A2x+A20y+A1A2z+A0A2t)yz(A20x+A20y+A0A3z+A0A3t)t(x+y+z+t)
386,True,True,"A0,A1,A2,A3,A4,A22,A24",8,,xyz(A2x+A0y+A1z)((A22A4-A2A3A4)x+(-A2A3A4+A2A24)z+(-A22A3+A22A4)t)(A2x+A3y+A4z+A2t)t(x+y+z+t)
387,True,True,"A0,A1,A2,A3,A4",8,,xyz((A0-A4)x+(A2-A4)y+(A2-A4)z)(A0x+A2y+A4t)t(A1x+A2y+A3z+A4t)(x+y+z+t)
388,True,True,"A0,A1,A2,A3,A4",8,,xyz(A0x+A1y+(-A0-A1)z)(x+t)(y+t)(z+t)(A0x+A2y+A3z+A4t)
389,True,True,"A0,A1,A2,A3,A4",8,,xy(A0x+A1y+A1z)zt(A0x+A2y+A3t)(x+y+z+t)(A0x+A4y+A1z+A1t)
390,True,True,"A0,A1,A2,A3,A4",8,,xyz(A0x+A2y+A3z)(A1x+A3z+A4t)(A4x+A2y+A3z+A4t)t(x+y+z+t)
391,True,True,"A0,A1,A2,A3,A4",8,,xyz((A2-A4)x+A0y+(A3-A4)z)(A1x+A2y+A4t)t(A2x+A2y+A3z+A4t)(x+y+z+t)
392,True,True,"A0,A1,A2,A3,A4",8,,xyz((A1-A4)x+(A2-A4)y+(A2-A4)z)(A0x+A2y+A4t)t(A1x+A2y+A3z+A4t)(x+y+z+t)
393,True,True,"A0,A1,A2,A3,A4",8,,xyz(A0x+A2y+A3z)(A4x+A3z+A4t)(A1x+A2y+A3z+A4t)t(x+y+z+t)
394,True,True,"A0,A1,A2,A3,A4",8,,xyz(A0x+A1y+A0z)(A0x+A2y+A4t)t(A2x+A2y+A3z+A4t)(x+y+z+t)
395,True,True,"A0,A1,A2,A3,A4,A21",8,,xyz(A1x+A0y+A1z)(A21A4x+(A0A1A2-A0A2A4+A1A2A4)y+A1A2A4t)t(A21x+(A0A1-A0A4+A1A4)y+A1A3z+A1A4t)(x+y+z+t)
396,True,True,"A0,A1,A2,A3,A4,A21",8,,xyz(A21A3x+A0A1A3y+(A0A1A4-A0A2A4+A2A3A4)z)(A21x+A2A4z+A1A2t)(A1x+A3y+A4z+A1t)t(x+y+z+t)
397,True,True,"A0,A1,A2,A3,A4",8,,xyz(A0x+(A2-A4)y+(A3-A4)z)(A4x+A3z+A4t)(A1x+A2y+A3z+A4t)t(x+y+z+t)
398,True,True,"A0,A1,A2,A3,A4",8,,xyz(A0x+A1y+A1z)(A0x+A2y+A4t)t(A4x+A2y+A3z+A4t)(x+y+z+t)
399,True,True,"A0,A1,A2,A3,A4",8,,xyz(A0x+A0y+A1z)(A0x+A3y+A4t)t(A2x+A3y+A4z+A4t)(x+y+z+t)
400,True,True,"A0,A1,A2,A3,A4",8,,xyz((A1-A4)x+(A3-A4)y+A0z)(A1x+A3y+A4t)t(A2x+A3y+A4z+A4t)(x+y+z+t)
401,True,True,"A0,A1,A2,A3,A4",8,,xyz(A1x+A2y+A0z)(A1x+A2y+A3t)t(A4x+A2y+A3z+A3t)(x+y+z+t)
402,True,True,"A0,A1,A2,A3,A4,A21,A31",8,,xyz(A31x+A0A21y+(A0A21-A0A2A4+A1A2A4)z)(A21x+A2A4z+A1A2t)(A1x+A3y+A4z+A1t)t(x+y+z+t)
403,True,True,"A0,A1,A2,A3,A4",8,,xy((A0A2-A0A4)x+A2A4y+A2A4z)zt(A0x+A1y+A2t)(x+y+z+t)(A0x+A3y+A4z+A4t)
404,True,True,"A0,A1,A2,A3,A4,A22",8,,xyz(A2x+A0y+A3z)(A22x+A1A2y+A1A4t)t(A2x+A2y+A3z+A4t)(x+y+z+t)
405,True,True,"A0,A1,A2,A3,A4",8,,xyz(A0x+(A2-A4)y+(A3-A4)z)(A1x+A3z+A4t)(A2y+A3z+A4t)t(x+y+z+t)
406,True,True,"A0,A1,A2,A3,A4",8,,xyz((-A0+A2+A3-A4)x+A0y+A1z)(x+t)(y+t)(z+t)(A2x+A3y+A1z+A4t)
407,True,True,"A0,A1,A2,A3,A4",8,,xyz(A0x+A1y+A1z)(A0x+A1y+A4t)t(A2x+A1y+A3z+A4t)(x+y+z+t)
408,True,True,"A0,A1,A2,A3,A4",8,,xyz(A1x+A2y+A0z)(A1x+A2y+A3t)t(x+y+z+t)((A1-A2+A4)x+A4y+(-A2+A3+A4)z+(-A2+A3+A4)t)
409,True,True,"A0,A1,A2,A3,A4",8,,xyz((A1-A4)x+(A1-A4)y+(A3-A4)z)(A0x+A2y+A4t)t(A1x+A2y+A3z+A4t)(x+y+z+t)
410,True,True,"A0,A1,A2,A3,A4",8,,xyz(A0x+A2y+A3z)(A1x+A3z+A4t)(A2y+A3z+A4t)t(x+y+z+t)
411,True,True,"A0,A1,A2,A3,A4",8,,xyz(A0x+A1y+A1z)(A0x+A2y+A4t)t(A2x+A2y+A3z+A4t)(x+y+z+t)
412,True,True,"A0,A1,A2,A3,A4",8,,xyz((A1-A3)x+(A2-A3)y+A0z)(A1x+A2y+A3t)t(x+y+z+t)(A1x+A2y+A4z+A4t)
413,True,True,"A0,A1,A2,A3,A4",8,,xy(A0x+A1y+A1z)zt(A0x+A2y+A3t)(x+y+z+t)(A4x+(A2+A3)y+A3z+A3t)
414,True,True,"A0,A1,A2,A3,A4",8,,xyz(A2x+A0y+A1z)(x+t)(y+t)(z+t)(A2x+A3y+A4z+(A2+A3+A4)t)
415,True,True,"A0,A1,A2,A3,A4",8,,xyz(A0x+(A0-A1+A2)y+(A0-A1+A3)z)(A4x+A3z+A4t)(A1x+A2y+A3z+A4t)t(x+y+z+t)
416,True,True,"A0,A1,A2,A3,A4",8,,xyz((A1-A3)x+(A2-A3)y+A0z)(A1x+A2y+A3t)t(x+y+z+t)((A1-A3)x+(A2-A3)y+A4z+A4t)
417,True,True,"A0,A1,A2,A3,A4",8,,xyz((A2-A3)x+A0y+(-A3+A4)z)(A2x+A2y+A1t)t(x+y+z+t)(A2x+A3y+A4z+A3t)
418,True,True,"A0,A1,A2,A3,A4",8,,xyz((A2-A4)x+A0y+(A3-A4)z)((A2-A4)x+A0y+A1t)t(x+y+z+t)(A2x+A4y+A3z+A4t)
419,True,True,"A0,A1,A2,A3,A4",8,,xyz(A0x+A1y+A1z)(A0x+A2y+A3t)t(A4x+A2y+A3z+A3t)(x+y+z+t)
420,True,True,"A0,A1,A2,A3,A4",8,,xyz(A0x+A1y+A0z)(A0x+A3y+A4t)t(A2x+A3y+A4z+A4t)(x+y+z+t)
421,True,True,"A0,A1,A2,A3,A4,A5",8,,xyz(A0x+A3y+A4z)(A1x+A3y+A5t)t(A2x+A3y+A4z+A5t)(x+y+z+t)
422,True,True,"A0,A1,A2,A3,A4,A5",8,,xyz(A0x+A1y+A2z)(A0x+A3z+A4t)(A4x+A5y+A3z+A4t)t(x+y+z+t)
423,True,True,"A0,A1,A2,A3,A4,A5",8,,xyz(A0x+A1y+A2z)(A0x+A3z+A0t)(A4x+A5y+A3z+A0t)t(x+y+z+t)
424,True,True,"A0,A1,A2,A3,A4,A5",8,,xyz(A0x+A1y+A1z)(A0x+A2y+A3t)t(A4x+A2y+A5z+A3t)(x+y+z+t)
425,True,True,"A0,A1,A2,A3,A4,A5",8,,xyz(A0x+A1y+A0z)(A0x+A2y+A3t)t(A4x+A2y+A5z+A3t)(x+y+z+t)
426,True,True,"A0,A1,A2,A3,A4,A5",8,,xyz(A0x+A1y+A2z)(A3x+A4y+A5t)t((A0+A5)x+A4y+(A2+A5)z+A5t)(x+y+z+t)
427,True,True,"A0,A1,A2,A3,A4,A5",8,,xyz(A0x+A1y+A2z)(A0x+A3y+A4t)t(A5x+A3y+A4z+A4t)(x+y+z+t)
428,True,True,"A0,A1,A2,A3,A4,A5",8,,xyz(A0x+A1y+A2z)(A0x+A3y+A4t)t(x+y+z+t)((-A0+A5)x+(-A4+A5)y+A5z+(-A4+A5)t)
429,True,True,"A0,A1,A2,A3,A4,A5",8,,xyz(A3x+A0y+A1z)((-A3+A4)x+(A4-A5)y+A2t)t(x+y+z+t)(A3x+A5y+A4z+A5t)
430,True,True,"A0,A1,A2,A3,A4,A5",8,,xyz(A0x+A1y+A2z)((A0-A2)x+(A1-A2)y+A3t)t(x+y+z+t)(A0x+A4y+A5z+A4t)
431,True,True,"A0,A1,A2,A3,A4,A5",8,,xyz((A0+A2-A4)x+(A0+A3-A4)y+A0z)(A1x+A3y+A5t)t(A2x+A3y+A4z+A5t)(x+y+z+t)
432,True,True,"A0,A1,A2,A3,A4,A5",8,,xyz(A2x+A0y+A4z)(A1x+A3y+A5t)t(A2x+A3y+A4z+A5t)(x+y+z+t)
433,True,True,"A0,A1,A2,A3,A4,A5",8,,xyz(A0x+A1y+A2z)(A0x+A3z+A4t)(A5y+A3z+A4t)t(x+y+z+t)
434,True,True,"A0,A1,A2,A3,A4,A5",8,,xyz(A0x+A1y+A2z)((A0+A3)x+(A1+A3)y+A3t)t(x+y+z+t)(A0x+A4y+A5z+A5t)
435,True,True,"A0,A1,A2,A3,A4,A5",8,,xyz((A3-A5)x+A0y+(A4-A5)z)(A3x+A1y+A2t)t(x+y+z+t)(A3x+A5y+A4z+A5t)
436,True,True,"A0,A1,A2,A3,A4,A5",8,,xyz((A0+A2-A4)x+(A0+A3-A4)y+A0z)((A1+A2-A5)x+(A1+A3-A5)y+A1t)t(x+y+z+t)(A2x+A3y+A4z+A5t)
437,True,True,"A0,A1,A2,A3,A4,A5",8,,xyz(A0x+A1y+A2z)(A0x+A1y+A3t)t(x+y+z+t)(A0x+A4y+A5z+A5t)
438,True,True,"A0,A1,A2,A3,A4,A5",8,,xyz((A2-A5)x+(A3-A5)y+A0z)((A2-A4)x+(A3-A4)y+A1t)t(x+y+z+t)(A2x+A3y+A4z+A5t)
439,True,True,"A0,A1,A2,A3,A4,A5,A6",8,,xyz(A0x+A1y+A2z)(A0x+A3y+A4t)t(A5x+A3y+A6z+A4t)(x+y+z+t)
440,True,True,"A0,A1,A2,A3,A4,A5,A6",8,,xyz(A0x+A1y+A2z)(A0x+A3y+A4t)t(x+y+z+t)((A0+A6)x+(A1+A6)y+A5z+A6t)
441,True,True,"A0,A1,A2,A3,A4,A5,A6",8,,xyz(A0x+A1y+A2z)((A0+A3)x+(A1+A3)y+A3t)t(x+y+z+t)(A0x+A4y+A5z+A6t)
442,True,True,"A0,A1,A2,A3,A4,A5,A6",8,,xyz(A0x+A1y+A2z)(A0x+A3y+A4t)t(x+y+z+t)(A0x+A5y+A6z+A5t)
443,True,True,"A0,A1,A2,A3,A4,A5,A6",8,,xyz(A2x+A0y+A1z)(A2x+A3y+A4t)t(x+y+z+t)((A2-A4+A6)x+(A3-A4+A6)y+A5z+A6t)
444,True,True,"A0,A1,A2,A3,A4,A5,A6",8,,xyz(A0x+A1y+A2z)(A0x+A1y+A3t)t(x+y+z+t)(A0x+A4y+A5z+A6t)
445,True,True,"A0,A1,A2,A3,A4,A5,A6",8,,xyz(A0x+A1y+A2z)(A0x+A3y+A4t)t(x+y+z+t)(A0x+A5y+A6z+A6t)
446,True,True,"A0,A1,A2,A3,A4,A5,A6,A7",8,,xyz(A0x+A1y+A2z)(A0x+A3y+A4t)t(x+y+z+t)(A0x+A5y+A6z+A7t)
447,True,True,"A0,A1,A2,A3,A4,A5,A6,A7",8,,xyz(A0x+A1y+A2z)t(A0x+A3y+A4z+A5t)(A6x+A3y+A4z+A7t)(x+y+z+t)
448,True,True,"A0,A1,A2,A3,A4,A5,A6,A7",8,,xyz(A2x+A0y+A1z)t(A2x+A3y+A4z+A5t)((A2-A3+A6)x+A6y+(-A3+A4+A6)z+A7t)(x+y+z+t)
449,True,True,"A0,A1,A2,A3,A4,A5,A6,A7,A8",8,,xyz(A0x+A1y+A2z)t(A0x+A3y+A4z+A5t)(A0x+A6y+A7z+A8t)(x+y+z+t)
450,True,True,"A0,A1,A2,A3,A4,A5,A6,A7,A8,A9",8,,xyzt(x+y+z+t)(A0x+A1y+A2z+A3t)(A0x+A4y+A5z+A6t)(A0x+A7y+A8z+A9t)
451,True,False,,13,linear_factor_count=13,(x+√-3-12y)xy(y+t)(x+t)(-x+-√-3+12y+√-3-1)2z-t)z(z+t)
452,True,False,,8,,xy(√-3+32x+y+√-3+32z)zt(32(√-3+1)x+√-3+32y+3t)(y+√-3+32z+√-3+32t)(x+y+z+t)
453,True,False,,8,,xyz(x+y+√5+12z)(√5+32x+3√5+72y+3√5+72t)t(x+y+z+t)(√5+32x+3√5+72z+3√5+72t)
454,True,True,"A0,A1",8,,x(A0x+A1y+A1z)yzt(x+y+z+t)(A0x+A0y+12(√-3+1)A0t)(A0y+12(√-3+1)A0z+A0t)
455,True,True,"A0,A1,A2,A22",8,,xy(A1x+A1y+(A1+A2)z)zt(A0A2x+(A1A2+A22)y+(A0A1+A0A2)t)(A0A1x+A1A2y+(A1A2+A22)z+A0A1t)(x+y+z+t)
